Plan,Verified Emails,Business Records,Regular Price,Member Price (40% OFF),Badge,
Starter,5K,27K,$13.99,$8.39,Entry Plan,https://whop.com/automotive-leadspitch/starter-automotive
Growth ,25K,105K,$24.99,$14.99,Most Popular,https://whop.com/automotive-leadspitch/growth-automotive
Professional,50K,180K,$39.99,$23.99,Best Value,https://whop.com/automotive-leadspitch/professional-automotive
Business,100K,375K,$67.99,$40.79,High Volume,https://whop.com/automotive-leadspitch/business-automotive
Scale,200k,650k,$99.99,$59.99,Massive Volume,https://whop.com/automotive-leadspitch/scale-automotive
Enterprise,300K,1.15M+,$139.99,$83.99,Complete Database,https://whop.com/automotive-leadspitch/enterprise-automotive
,,,,,,
,,,,,,
Plan,Monthly Verified Emails,Monthly Business Records,Delivery Period,Total Emails,One-Time Price,
Starter,25K,95K+,12 Months,300K,$84.99,https://whop.com/automotive-leadspitch/starter-automotive-monthly-data-plan-for-12-months
Growth ,50K,190K+,6 Months,300K,$94.99,https://whop.com/automotive-leadspitch/growth-automotive-monthly-data-plan-for-6-months
Professional,75K,285K+,4 Months,300K,$104.99,https://whop.com/automotive-leadspitch/professional-automotive-monthly-data-plan-for-4-months
Business,100K,380K+,3 Months,300K,$119.99,https://whop.com/automotive-leadspitch/business-automotive-monthly-data-plan-for-3-months