Plan,Verified Emails,Leads,Regular Price,Member Price (40% OFF),Best For,,Buy link
Starter,5K,28K,$12.99,$7.79,Solo outreach,,https://whop.com/destists-leads/starter-dentist-leads
Growth ⭐,25K,95K,$22.99,$13.79,Agencies & marketers,,https://whop.com/destists-leads/growth-dentist-leads
Professional,50K,145K,$37.99,$22.79,Sales teams,,https://whop.com/destists-leads/professional-dentist-leads
Business,100K,330K,$64.99,$38.99,Complete dental database,,https://whop.com/destists-leads/business-dentist-leads
,,,,,,,
Monthly,,,,,,,
Plan,Monthly Verified Emails,Leads,Delivery Period,Total Emails,One-Time Price,Best For,Buy link
Starter,9K,50K+,12 Months,108K,$42.99,Long-term prospecting,https://whop.com/destists-leads/dentists-starter-monthly-data-plan-for-12-months
Growth ⭐,19K,105K+,6 Months,114K,$47.99,Growing agencies,https://whop.com/destists-leads/dentists-growth-monthly-data-plan-for-6-months
Professional,28K,155K+,4 Months,112K,$54.99,Sales teams,https://whop.com/destists-leads/dentists-professional-monthly-data-plan-for-4-months
Business,38K,210K+,3 Months,114K,$59.99,High-volume outreach,https://whop.com/destists-leads/dentists-business-monthly-data-plan-for-3-months