Plan,Verified Emails,Leads,Regular Price,Member Price (40% OFF),Badge,Best For,Buy Link
Starter,5K,24K,$NaN,$NaN,Entry Plan,Small campaigns,https://whop.com/logistics-and-others/starter-logistics-and-others/
Growth,25K,85K,$NaN,$NaN,Most Popular,Agencies & marketers,https://whop.com/logistics-and-others/growth-logistics-and-others/
Professional,50K,140K,$NaN,$NaN,Best Value,Growing businesses,https://whop.com/logistics-and-others/professional-logistics-and-others/
Business,85K,255K,$NaN,$NaN,Complete Database,Large-scale outreach,https://whop.com/logistics-and-others/business-logistics-and-others/
,,,,,,,
Plan,Monthly Verified Emails,Leads,Delivery Period,Total Emails,One-Time Price,Best For,Buy Link
Starter,7K,21K+,12 Months,84K,$NaN,Long-term outreach,https://whop.com/logistics-and-others/starter-logistics-and-others-monthly-data-plan-for-12-months/
Growth,14K,42K+,6 Months,84K,$NaN,Growing businesses,https://whop.com/logistics-and-others/growth-logistics-and-others-monthly-data-plan-for-6-months/
Professional,21K,63K+,4 Months,84K,$NaN,Sales teams,https://whop.com/logistics-and-others/professional-logistics-and-others-monthly-data-plan-for-4-months/
Business,28K,84K+,3 Months,84K,$NaN,High-volume prospecting,https://whop.com/logistics-and-others/business-logistics-and-others-monthly-data-plan-for-3-months/