Plan,Leads,Regular Price,Badge,Embed checkout Code
Starter,5K,$49.99,Entry Plan,"import { loadWhop } from ""@whop/elements"";
import { Checkout, CheckoutElement, WhopElements } from ""@whop/elements-react"";

export function EmbeddedCheckout() {
  return (
    <WhopElements elements={loadWhop()}>
      <Checkout plan=""plan_4016VESqCmBfG"">
        <CheckoutElement />
      </Checkout>
    </WhopElements>
  );
}"
Growth ,25K,$179.99,Most Popular,"import { loadWhop } from ""@whop/elements"";
import { Checkout, CheckoutElement, WhopElements } from ""@whop/elements-react"";

export function EmbeddedCheckout() {
  return (
    <WhopElements elements={loadWhop()}>
      <Checkout plan=""plan_W8waYmfC8Dk5h"">
        <CheckoutElement />
      </Checkout>
    </WhopElements>
  );
}"
Professional,50K,$299.99,Best Value,"import { loadWhop } from ""@whop/elements"";
import { Checkout, CheckoutElement, WhopElements } from ""@whop/elements-react"";

export function EmbeddedCheckout() {
  return (
    <WhopElements elements={loadWhop()}>
      <Checkout plan=""plan_RTk0RLBUBJ2mE"">
        <CheckoutElement />
      </Checkout>
    </WhopElements>
  );
}"
Business,100K,$499.99,High Volume,"import { loadWhop } from ""@whop/elements"";
import { Checkout, CheckoutElement, WhopElements } from ""@whop/elements-react"";

export function EmbeddedCheckout() {
  return (
    <WhopElements elements={loadWhop()}>
      <Checkout plan=""plan_GmPSYV2Oetev6"">
        <CheckoutElement />
      </Checkout>
    </WhopElements>
  );
}"
Scale,200K,$999.99,Enterprise Ready,"import { loadWhop } from ""@whop/elements"";
import { Checkout, CheckoutElement, WhopElements } from ""@whop/elements-react"";

export function EmbeddedCheckout() {
  return (
    <WhopElements elements={loadWhop()}>
      <Checkout plan=""plan_SORdfInzkB3Qt"">
        <CheckoutElement />
      </Checkout>
    </WhopElements>
  );
}"
Enterprise,350K,"$1,599.99",Complete Database,"import { loadWhop } from ""@whop/elements"";
import { Checkout, CheckoutElement, WhopElements } from ""@whop/elements-react"";

export function EmbeddedCheckout() {
  return (
    <WhopElements elements={loadWhop()}>
      <Checkout plan=""plan_S8REQ5hVMCoxT"">
        <CheckoutElement />
      </Checkout>
    </WhopElements>
  );
}"