Plan,Leads,Regular Price,Badge,Embed checkout code
Starter,5K,$49.99,Entry Plan,"import { loadWhop } from ""@whop/elements"";
import { Checkout, CheckoutElement, WhopElements } from ""@whop/elements-react"";

export function EmbeddedCheckout() {
  return (
    <WhopElements elements={loadWhop()}>
      <Checkout plan=""plan_rYOE7Pa1IwtEX"">
        <CheckoutElement />
      </Checkout>
    </WhopElements>
  );
}"
Growth ,25K,$179.99,Most Popular,"import { loadWhop } from ""@whop/elements"";
import { Checkout, CheckoutElement, WhopElements } from ""@whop/elements-react"";

export function EmbeddedCheckout() {
  return (
    <WhopElements elements={loadWhop()}>
      <Checkout plan=""plan_fNNqudcMlAfUS"">
        <CheckoutElement />
      </Checkout>
    </WhopElements>
  );
}"
Professional,50K,$299.99,Best Value,"import { loadWhop } from ""@whop/elements"";
import { Checkout, CheckoutElement, WhopElements } from ""@whop/elements-react"";

export function EmbeddedCheckout() {
  return (
    <WhopElements elements={loadWhop()}>
      <Checkout plan=""plan_VK3Mh1DEZaAJh"">
        <CheckoutElement />
      </Checkout>
    </WhopElements>
  );
}"
Business,100K,$499.99,High Volume,"import { loadWhop } from ""@whop/elements"";
import { Checkout, CheckoutElement, WhopElements } from ""@whop/elements-react"";

export function EmbeddedCheckout() {
  return (
    <WhopElements elements={loadWhop()}>
      <Checkout plan=""plan_29buO0Nuxi5AY"">
        <CheckoutElement />
      </Checkout>
    </WhopElements>
  );
}"
Scale,200K,$999.99,Growing Enterprise,"import { loadWhop } from ""@whop/elements"";
import { Checkout, CheckoutElement, WhopElements } from ""@whop/elements-react"";

export function EmbeddedCheckout() {
  return (
    <WhopElements elements={loadWhop()}>
      <Checkout plan=""plan_u7qkytrQyD4O3"">
        <CheckoutElement />
      </Checkout>
    </WhopElements>
  );
}"
Enterprise,300K,"$1,499.99",Enterprise Ready,"import { loadWhop } from ""@whop/elements"";
import { Checkout, CheckoutElement, WhopElements } from ""@whop/elements-react"";

export function EmbeddedCheckout() {
  return (
    <WhopElements elements={loadWhop()}>
      <Checkout plan=""plan_cSbkrBP0VNNfm"">
        <CheckoutElement />
      </Checkout>
    </WhopElements>
  );
}"
Complete Database,430K+,"$1,999.99",Complete Coverage,"import { loadWhop } from ""@whop/elements"";
import { Checkout, CheckoutElement, WhopElements } from ""@whop/elements-react"";

export function EmbeddedCheckout() {
  return (
    <WhopElements elements={loadWhop()}>
      <Checkout plan=""plan_FvQ4t6j8p9bxl"">
        <CheckoutElement />
      </Checkout>
    </WhopElements>
  );
}"