Plan,Leads,Regular Price,Badge,Best For,Embed Checkout Code
Starter,5K,$49.99,Entry Plan,Long-term prospecting,"import { loadWhop } from ""@whop/elements"";
import { Checkout, CheckoutElement, WhopElements } from ""@whop/elements-react"";

export function EmbeddedCheckout() {
  return (
    <WhopElements elements={loadWhop()}>
      <Checkout plan=""plan_Kl8EV5U6fxGXN"">
        <CheckoutElement />
      </Checkout>
    </WhopElements>
  );
}"
Growth ,25K,$179.99,Most Popular,Growing businesses,"import { loadWhop } from ""@whop/elements"";
import { Checkout, CheckoutElement, WhopElements } from ""@whop/elements-react"";

export function EmbeddedCheckout() {
  return (
    <WhopElements elements={loadWhop()}>
      <Checkout plan=""plan_FZIXCJHW8E0Cz"">
        <CheckoutElement />
      </Checkout>
    </WhopElements>
  );
}"
Professional,50K,$299.99,Best Value,Agencies & sales teams,"import { loadWhop } from ""@whop/elements"";
import { Checkout, CheckoutElement, WhopElements } from ""@whop/elements-react"";

export function EmbeddedCheckout() {
  return (
    <WhopElements elements={loadWhop()}>
      <Checkout plan=""plan_XeaKRTtwCqHZc"">
        <CheckoutElement />
      </Checkout>
    </WhopElements>
  );
}"
Business,65K,$329.99,Complete Database,High-volume outreach,"import { loadWhop } from ""@whop/elements"";
import { Checkout, CheckoutElement, WhopElements } from ""@whop/elements-react"";

export function EmbeddedCheckout() {
  return (
    <WhopElements elements={loadWhop()}>
      <Checkout plan=""plan_HUtmdH3lzvGnn"">
        <CheckoutElement />
      </Checkout>
    </WhopElements>
  );
}"