Plan,Leads,Regular Price,Badge,Embed Checkout code
Starter,5K,$49.99,Entry Plan,"import { loadWhop } from ""@whop/elements"";
import { Checkout, CheckoutElement, WhopElements } from ""@whop/elements-react"";

export function EmbeddedCheckout() {
  return (
    <WhopElements elements={loadWhop()}>
      <Checkout plan=""plan_Cu3F9t93BukgK"">
        <CheckoutElement />
      </Checkout>
    </WhopElements>
  );
}"
Growth ,25K,$179.99,Most Popular,"import { loadWhop } from ""@whop/elements"";
import { Checkout, CheckoutElement, WhopElements } from ""@whop/elements-react"";

export function EmbeddedCheckout() {
  return (
    <WhopElements elements={loadWhop()}>
      <Checkout plan=""plan_hR7mjOUxc8F6t"">
        <CheckoutElement />
      </Checkout>
    </WhopElements>
  );
}"
Professional,50K,$299.99,Best Value,"import { loadWhop } from ""@whop/elements"";
import { Checkout, CheckoutElement, WhopElements } from ""@whop/elements-react"";

export function EmbeddedCheckout() {
  return (
    <WhopElements elements={loadWhop()}>
      <Checkout plan=""plan_pBDfqlXAXsXdo"">
        <CheckoutElement />
      </Checkout>
    </WhopElements>
  );
}"
Business,100K,$499.99,High Volume,"import { loadWhop } from ""@whop/elements"";
import { Checkout, CheckoutElement, WhopElements } from ""@whop/elements-react"";

export function EmbeddedCheckout() {
  return (
    <WhopElements elements={loadWhop()}>
      <Checkout plan=""plan_hu9ZU6e0UECtq"">
        <CheckoutElement />
      </Checkout>
    </WhopElements>
  );
}"
Scale,200k,$999.99,Massive Volume,"import { loadWhop } from ""@whop/elements"";
import { Checkout, CheckoutElement, WhopElements } from ""@whop/elements-react"";

export function EmbeddedCheckout() {
  return (
    <WhopElements elements={loadWhop()}>
      <Checkout plan=""plan_cym5Kt7UNLrPl"">
        <CheckoutElement />
      </Checkout>
    </WhopElements>
  );
}"
Enterprise,300K,"$1,499.99",Complete Database,"import { loadWhop } from ""@whop/elements"";
import { Checkout, CheckoutElement, WhopElements } from ""@whop/elements-react"";

export function EmbeddedCheckout() {
  return (
    <WhopElements elements={loadWhop()}>
      <Checkout plan=""plan_aEJf73xKt4igl"">
        <CheckoutElement />
      </Checkout>
    </WhopElements>
  );
}"