Plan,Leads,Regular Price,Badge,Embed Checkout Code
Starter,5K,$49.99,Entry Plan,"import { loadWhop } from ""@whop/elements"";
import { Checkout, CheckoutElement, WhopElements } from ""@whop/elements-react"";

export function EmbeddedCheckout() {
  return (
    <WhopElements elements={loadWhop()}>
      <Checkout plan=""plan_nAfRyWgBLPUGR"">
        <CheckoutElement />
      </Checkout>
    </WhopElements>
  );
}"
Growth ,25K,$179.99,Most Popular,"import { loadWhop } from ""@whop/elements"";
import { Checkout, CheckoutElement, WhopElements } from ""@whop/elements-react"";

export function EmbeddedCheckout() {
  return (
    <WhopElements elements={loadWhop()}>
      <Checkout plan=""plan_7lQdttPlCVPjT"">
        <CheckoutElement />
      </Checkout>
    </WhopElements>
  );
}"
Professional,50K,$299.99,Best Value,"import { loadWhop } from ""@whop/elements"";
import { Checkout, CheckoutElement, WhopElements } from ""@whop/elements-react"";

export function EmbeddedCheckout() {
  return (
    <WhopElements elements={loadWhop()}>
      <Checkout plan=""plan_3sP56E6iEeyrP"">
        <CheckoutElement />
      </Checkout>
    </WhopElements>
  );
}"
Business,100K,$599.99,High Volume,"import { loadWhop } from ""@whop/elements"";
import { Checkout, CheckoutElement, WhopElements } from ""@whop/elements-react"";

export function EmbeddedCheckout() {
  return (
    <WhopElements elements={loadWhop()}>
      <Checkout plan=""plan_LDvgfXk9GIy3U"">
        <CheckoutElement />
      </Checkout>
    </WhopElements>
  );
}"
Scale,200k,$999.99,For Scaling,"import { loadWhop } from ""@whop/elements"";
import { Checkout, CheckoutElement, WhopElements } from ""@whop/elements-react"";

export function EmbeddedCheckout() {
  return (
    <WhopElements elements={loadWhop()}>
      <Checkout plan=""plan_wn6DX7FUgu7CX"">
        <CheckoutElement />
      </Checkout>
    </WhopElements>
  );
}"
Enterprise,300K,"$1,499.99",Complete Database,"import { loadWhop } from ""@whop/elements"";
import { Checkout, CheckoutElement, WhopElements } from ""@whop/elements-react"";

export function EmbeddedCheckout() {
  return (
    <WhopElements elements={loadWhop()}>
      <Checkout plan=""plan_CkJzlt32zgUCU"">
        <CheckoutElement />
      </Checkout>
    </WhopElements>
  );
}"