Plan,Leads,Regular Price,Badge,Best For,Embed Checkout code
Starter,5K,$49.99,Entry Plan,Small outreach campaigns,"import { loadWhop } from ""@whop/elements"";
import { Checkout, CheckoutElement, WhopElements } from ""@whop/elements-react"";

export function EmbeddedCheckout() {
  return (
    <WhopElements elements={loadWhop()}>
      <Checkout plan=""plan_hmiPPHfCuoFES"">
        <CheckoutElement />
      </Checkout>
    </WhopElements>
  );
}"
Growth ,25K,$179.99,Most Popular,Freelancers & agencies,"import { loadWhop } from ""@whop/elements"";
import { Checkout, CheckoutElement, WhopElements } from ""@whop/elements-react"";

export function EmbeddedCheckout() {
  return (
    <WhopElements elements={loadWhop()}>
      <Checkout plan=""plan_fRYKIPQCp1y7B"">
        <CheckoutElement />
      </Checkout>
    </WhopElements>
  );
}"
Professional,50K,$299.99,Best Value,Growing businesses,"import { loadWhop } from ""@whop/elements"";
import { Checkout, CheckoutElement, WhopElements } from ""@whop/elements-react"";

export function EmbeddedCheckout() {
  return (
    <WhopElements elements={loadWhop()}>
      <Checkout plan=""plan_gvnuFaCL4KARR"">
        <CheckoutElement />
      </Checkout>
    </WhopElements>
  );
}"
Business,100K,$499.99,High Volume,Large campaigns,"import { loadWhop } from ""@whop/elements"";
import { Checkout, CheckoutElement, WhopElements } from ""@whop/elements-react"";

export function EmbeddedCheckout() {
  return (
    <WhopElements elements={loadWhop()}>
      <Checkout plan=""plan_QJBO3labbblD0"">
        <CheckoutElement />
      </Checkout>
    </WhopElements>
  );
}"
Enterprise,160K,$799.99,Complete Database,Entire Beauty & Wellness market,"import { loadWhop } from ""@whop/elements"";
import { Checkout, CheckoutElement, WhopElements } from ""@whop/elements-react"";

export function EmbeddedCheckout() {
  return (
    <WhopElements elements={loadWhop()}>
      <Checkout plan=""plan_bUc6UHgQA9TBT"">
        <CheckoutElement />
      </Checkout>
    </WhopElements>
  );
}"