Plan,Leads,Regular Price,Best For,Embed checkout code
Starter,5K,$49.99,Solo outreach,"import { loadWhop } from ""@whop/elements"";
import { Checkout, CheckoutElement, WhopElements } from ""@whop/elements-react"";

export function EmbeddedCheckout() {
  return (
    <WhopElements elements={loadWhop()}>
      <Checkout plan=""plan_ujCgorFTIT12O"">
        <CheckoutElement />
      </Checkout>
    </WhopElements>
  );
}"
Growth,25K,$179.99,Agencies & marketers,"import { loadWhop } from ""@whop/elements"";
import { Checkout, CheckoutElement, WhopElements } from ""@whop/elements-react"";

export function EmbeddedCheckout() {
  return (
    <WhopElements elements={loadWhop()}>
      <Checkout plan=""plan_nnOkSiUmcaj1B"">
        <CheckoutElement />
      </Checkout>
    </WhopElements>
  );
}"
Professional,50K,$299.99,Sales teams,"import { loadWhop } from ""@whop/elements"";
import { Checkout, CheckoutElement, WhopElements } from ""@whop/elements-react"";

export function EmbeddedCheckout() {
  return (
    <WhopElements elements={loadWhop()}>
      <Checkout plan=""plan_8vGKTKyWnI3KP"">
        <CheckoutElement />
      </Checkout>
    </WhopElements>
  );
}"
Business,100K,$499.99,Complete dental database,"import { loadWhop } from ""@whop/elements"";
import { Checkout, CheckoutElement, WhopElements } from ""@whop/elements-react"";

export function EmbeddedCheckout() {
  return (
    <WhopElements elements={loadWhop()}>
      <Checkout plan=""plan_0YBRcmjccogXz"">
        <CheckoutElement />
      </Checkout>
    </WhopElements>
  );
}"